Generation,TimeSeconds
0,4.002000
1,4.142000
2,4.131000
3,4.715000
4,2.581000
5,2.221000
6,4.973000
7,2.985000
8,4.465000
9,2.683000
10,5.036000
11,4.062000
12,3.842000
13,3.233000
14,2.822000
15,3.094000
16,4.988000
17,2.452000
18,3.806000
19,2.624000
20,4.362000
21,4.622000
22,5.464000
23,4.008000
24,3.941000
25,4.267000
26,4.003000
27,3.567000
28,2.956000
29,3.741000
30,3.305000
31,4.134000
32,3.035000
33,2.937000
34,3.676000
35,2.738000
36,3.411000
37,4.272000
38,4.063000
39,3.032000
40,5.301000
41,3.673000
42,3.777000
43,3.270000
44,2.409000
45,3.884000
46,4.312000
47,3.959000
48,3.234000
49,4.616000
50,3.419000
51,3.789000
52,4.162000
53,3.824000
54,2.972000
55,4.893000
56,4.141000
57,2.817000
58,3.159000
59,2.488000
60,4.717000
61,4.047000
62,3.044000
63,3.998000
64,6.375000
65,3.303000
66,4.205000
67,2.636000
68,5.198000
69,2.502000
70,3.640000
71,4.915000
72,2.389000
73,4.451000
74,5.559000
75,3.819000
76,5.723000
77,6.046000
78,5.790000
79,5.365000
80,6.108000
81,3.827000
82,2.389000
83,2.857000
84,4.883000
85,3.339000
86,1.946000
87,4.375000
88,3.559000
89,3.526000
90,4.125000
91,5.349000
92,4.956000
93,3.158000
94,3.381000
95,5.068000
96,4.205000
97,5.160000
98,3.668000
99,3.558000
100,4.521000
101,3.970000
102,2.600000
103,4.862000
104,3.433000
105,3.510000
106,6.344000
107,3.816000
108,4.791000
109,5.868000
110,5.576000
111,4.355000
112,4.273000
113,4.177000
114,4.871000
115,4.293000
116,6.124000
117,4.188000
118,4.063000
119,4.407000
120,7.116000
121,5.503000
122,3.865000
123,3.705000
124,4.756000
125,6.204000
126,3.761000
127,6.383000
128,4.106000
129,4.629000
130,4.390000
131,4.837000
132,3.098000
133,3.910000
134,2.754000
135,2.920000
136,5.740000
137,3.269000
138,3.523000
139,5.649000
140,4.152000
141,3.887000
142,3.400000
143,3.532000
144,5.400000
145,4.482000
146,3.261000
147,2.630000
148,5.809000
149,5.740000
150,3.259000
151,5.430000
152,4.120000
153,5.159000
154,3.080000
155,3.116000
156,3.984000
157,4.405000
158,3.306000
159,3.255000
160,2.135000
161,5.561000
162,2.776000
163,5.195000
164,5.492000
165,2.976000
166,3.219000
167,3.787000
168,5.531000
169,3.769000
170,5.345000
171,5.120000
172,3.649000
173,5.213000
174,4.571000
175,4.614000
176,4.795000
177,5.435000
178,6.081000
179,4.993000
180,5.588000
181,3.941000
182,5.698000
183,5.311000
184,3.561000
185,4.708000
186,2.928000
187,2.914000
188,4.453000
189,4.729000
190,4.792000
191,4.318000
192,4.099000
193,2.951000
194,3.544000
195,2.710000
196,4.953000
197,4.284000
198,4.073000
199,4.710000
200,4.151000
201,4.136000
202,3.070000
203,4.285000
204,3.000000
205,3.482000
206,4.579000
207,5.403000
208,4.596000
209,4.168000
210,2.462000
211,3.743000
212,5.403000
213,4.987000
214,4.512000
215,2.073000
216,4.482000
217,4.536000
218,3.183000
219,4.697000
220,6.848000
221,3.031000
222,4.340000
223,4.087000
224,4.979000
225,5.313000
226,2.159000
227,5.866000
228,4.916000
229,3.779000
230,5.463000
231,8.572000
232,7.261000
233,7.644000
234,7.293000
235,7.021000
236,8.198000
237,8.847000
238,7.129000
239,5.040000
240,8.184000
241,5.200000
242,10.062000
243,10.527000
244,8.136000
245,9.505000
246,12.173000
247,14.809000
248,9.983000
249,21.243000
250,13.148000
251,18.523000
252,16.628000
253,22.579000
254,13.007000
255,11.428000
256,14.023000
257,13.056000
258,11.513000
259,16.375000
260,14.724000
261,12.646000
262,14.107000
263,9.207000
264,13.335000
265,10.716000
266,16.744000
267,11.316000
268,13.711000
269,11.409000
270,14.997000
271,11.153000
272,14.606000
273,14.489000
274,18.851000
275,19.381000
276,17.248000
277,15.956000
278,14.597000
279,16.355000
280,17.327000
281,22.745000
282,11.964000
283,18.420000
284,9.263000
285,19.446000
286,8.650000
287,11.837000
288,19.425000
289,21.987000
290,11.476000
291,16.506000
292,13.175000
293,16.349000
294,12.704000
295,13.019000
296,16.878000
297,19.815000
298,17.422000
299,14.517000
300,14.738000
301,19.075000
302,14.988000
303,15.229000
304,23.913000
305,16.206000
306,14.585000
307,15.611000
308,12.820000
309,19.030000
310,13.009000
311,21.209000
312,16.251000
313,17.652000
314,16.532000
315,13.626000
316,18.623000
317,17.501000
318,12.583000
319,14.408000
320,19.544000
321,14.865000
322,27.426000
323,17.505000
324,18.247000
325,17.445000
326,15.191000
327,12.639000
328,14.850000
329,19.165000
330,18.793000
331,16.912000
332,11.600000
333,18.463000
334,14.076000
335,13.618000
336,22.185000
337,21.055000
338,19.801000
339,17.838000
340,19.008000
341,18.240000
342,17.137000
343,12.302000
344,10.017000
345,17.883000
346,16.624000
347,17.248000
348,16.433000
349,21.024000
350,19.419000
351,17.085000
352,13.621000
353,19.509000
354,11.040000
355,17.731000
356,17.556000
357,22.704000
358,15.090000
359,14.956000
360,13.738000
361,11.917000
362,16.930000
363,13.225000
364,17.576000
365,18.383000
366,14.290000
367,17.428000
368,16.222000
369,5.512000
370,14.226000
371,9.214000
372,21.135000
373,15.935000
374,17.681000
375,17.116000
376,16.549000
377,19.098000
378,13.976000
379,14.157000
380,13.154000
381,18.606000
382,12.468000
383,15.182000
384,20.216000
385,12.690000
386,15.207000
387,12.657000
388,15.718000
389,14.415000
390,15.721000
391,19.710000
392,29.389000
393,17.887000
394,15.403000
395,14.051000
396,18.270000
397,16.270000
398,10.070000
399,8.937000
400,21.823000
401,15.770000
402,14.074000
403,17.916000
404,14.178000
405,18.073000
406,14.007000
407,14.395000
408,15.706000
409,15.946000
410,18.008000
411,15.969000
412,13.998000
413,16.828000
414,20.510000
415,17.473000
416,19.055000
417,16.380000
418,14.877000
419,13.500000
420,15.746000
421,19.451000
422,21.734000
423,14.494000
424,14.010000
425,13.959000
426,20.505000
427,14.162000
428,14.516000
429,14.062000
430,15.118000
431,8.436000
432,22.929000
433,9.313000
434,25.724000
435,15.817000
436,20.448000
437,15.698000
438,22.301000
439,18.670000
440,20.946000
441,11.987000
442,16.065000
443,15.185000
444,20.033000
445,21.341000
446,20.676000
447,17.400000
448,22.666000
449,16.023000
450,14.661000
451,8.685000
452,24.035000
453,17.888000
454,17.832000
455,16.552000
456,20.139000
457,18.697000
458,11.577000
459,10.899000
460,23.145000
461,19.322000
462,10.315000
463,25.983000
464,13.641000
465,15.063000
466,16.997000
467,16.576000
468,15.505000
469,19.137000
470,16.208000
471,18.181000
472,13.945000
473,17.496000
474,17.390000
475,14.663000
476,17.166000
477,10.332000
478,17.239000
479,14.503000
480,16.036000
481,17.627000
482,18.416000
483,19.008000
484,21.343000
485,20.058000
486,13.913000
487,18.353000
488,9.884000
489,17.167000
490,15.753000
491,19.027000
492,16.871000
493,10.878000
494,14.744000
495,16.012000
496,14.843000
497,8.147000
498,12.746000
499,17.598000
500,19.679000
501,12.025000
502,14.771000
503,7.671000
504,16.316000
505,13.676000
506,14.234000
507,12.719000
508,10.978000
509,17.304000
510,18.835000
511,10.800000
512,15.975000
513,23.832000
514,16.377000
515,11.724000
516,14.788000
517,19.461000
518,18.065000
519,10.378000
520,18.599000
521,16.931000
522,18.599000
523,12.200000
524,17.802000
525,16.036000
526,14.337000
527,13.745000
528,13.212000
529,16.956000
530,12.096000
531,9.840000
532,14.648000
533,18.323000
534,12.492000
535,16.168000
536,13.282000
537,16.150000
538,12.589000
539,16.840000
540,18.607000
541,21.075000
542,17.232000
543,17.212000
544,14.362000
545,14.886000
546,10.831000
547,13.809000
548,15.710000
549,12.915000
550,11.709000
551,12.644000
552,27.745000
553,20.468000
554,21.392000
555,16.472000
556,17.787000
557,12.536000
558,22.494000
559,13.632000
560,20.386000
561,20.386000
562,13.296000
563,17.246000
564,13.066000
565,14.231000
566,10.082000
567,10.804000
568,10.477000
569,23.939000
570,11.250000
571,17.485000
572,18.404000
573,20.017000
574,18.076000
575,17.562000
576,16.018000
577,17.575000
578,18.402000
579,13.090000
580,22.066000
581,16.311000
582,20.598000
583,17.204000
584,18.280000
585,16.561000
586,9.149000
587,18.847000
588,11.892000
589,20.390000
590,12.820000
591,16.592000
592,17.391000
593,18.575000
594,12.244000
595,14.369000
596,15.107000
597,28.578000
598,18.921000
599,13.403000
600,20.442000
601,14.276000
602,11.107000
603,11.928000
604,15.543000
605,15.039000
606,15.645000
607,10.985000
608,17.288000
609,20.917000
610,11.870000
611,14.723000
612,17.505000
613,20.960000
614,24.718000
615,15.554000
616,13.722000
617,19.637000
618,16.177000
619,12.470000
620,15.039000
621,21.229000
622,16.826000
623,15.789000
624,23.859000
625,23.620000
626,10.685000
627,13.629000
628,18.013000
629,12.610000
630,14.025000
631,16.674000
632,22.428000
633,9.946000
634,18.592000
635,16.211000
636,16.427000
637,13.377000
638,12.643000
639,13.581000
640,15.410000
641,14.586000
642,21.358000
643,21.760000
644,11.090000
645,15.500000
646,7.257000
647,12.529000
648,17.851000
649,21.322000
650,19.394000
651,17.918000
652,15.560000
653,19.894000
654,16.027000
655,10.277000
656,21.717000
657,16.138000
658,13.613000
659,18.806000
660,12.297000
661,14.207000
662,9.876000
663,18.354000
664,14.611000
665,17.212000
666,19.908000
667,17.816000
668,14.812000
669,21.127000
670,5.517000
671,12.258000
672,16.905000
673,12.780000
674,13.897000
675,12.356000
676,14.293000
677,18.347000
678,14.622000
679,16.217000
680,15.603000
681,13.926000
682,16.943000
683,15.967000
684,17.227000
685,24.660000
686,9.647000
687,12.404000
688,20.399000
689,11.234000
690,18.521000
691,11.890000
692,17.735000
693,18.912000
694,16.285000
695,15.561000
696,22.357000
697,11.764000
698,20.050000
699,10.171000
700,14.164000
701,18.327000
702,14.537000
703,19.695000
704,15.698000
705,15.545000
706,13.833000
707,12.322000
708,12.355000
709,17.206000
710,15.533000
711,15.559000
712,22.000000
713,19.101000
714,22.453000
715,14.890000
716,13.753000
717,18.702000
718,13.817000
719,23.326000
720,15.153000
721,19.138000
722,14.777000
723,20.203000
724,15.915000
725,19.258000
726,13.420000
727,23.601000
728,9.447000
729,18.985000
730,17.112000
731,17.575000
732,17.229000
733,13.993000
734,11.636000
735,11.473000
736,18.886000
737,11.552000
738,11.993000
739,12.983000
740,12.805000
741,18.906000
742,18.143000
743,15.576000
744,10.645000
745,17.671000
746,20.220000
747,13.837000
748,12.540000
749,14.458000
750,20.128000
751,17.425000
752,15.641000
753,15.431000
754,25.400000
755,14.653000
756,20.233000
757,17.572000
758,21.678000
759,10.918000
760,14.052000
761,18.751000
762,10.924000
763,16.960000
764,19.044000
765,17.411000
766,13.412000
767,16.755000
768,20.488000
769,12.747000
770,19.297000
771,18.216000
772,15.713000
773,17.734000
774,14.184000
775,14.681000
776,9.028000
777,14.537000
778,10.548000
779,14.651000
780,17.094000
781,18.255000
782,17.358000
783,13.318000
784,19.780000
785,15.672000
786,20.562000
787,10.992000
788,16.996000
789,17.378000
790,21.051000
791,17.964000
792,17.894000
793,13.198000
794,14.546000
795,13.992000
796,20.339000
797,9.162000
798,15.001000
799,10.054000
800,19.362000
801,18.727000
802,16.077000
803,16.146000
804,13.244000
805,9.331000
806,14.637000
807,13.910000
808,17.039000
809,14.754000
810,16.597000
811,21.356000
812,15.993000
813,13.999000
814,21.708000
815,17.422000
816,15.036000
817,16.290000
818,19.762000
819,16.014000
820,17.778000
821,13.626000
822,15.084000
823,14.777000
824,13.522000
825,19.772000
826,11.711000
827,18.648000
828,24.276000
829,13.134000
830,18.619000
831,13.571000
832,16.439000
833,16.788000
834,8.751000
835,14.986000
836,25.237000
837,13.367000
838,18.848000
839,20.096000
840,12.135000
841,25.972000
842,12.452000
843,16.321000
844,12.985000
845,13.880000
846,15.925000
847,14.665000
848,17.763000
849,21.244000
850,13.248000
851,15.983000
852,15.425000
853,16.165000
854,13.910000
855,16.418000
856,20.819000
857,14.358000
858,14.775000
859,14.408000
860,15.304000
861,16.773000
862,18.942000
863,10.710000
864,20.648000
865,16.829000
866,13.238000
867,12.564000
868,20.189000
869,10.768000
870,14.659000
871,17.053000
872,11.530000
873,13.300000
874,11.672000
875,20.389000
876,12.839000
877,12.941000
878,12.527000
879,16.586000
880,14.027000
881,17.834000
882,10.476000
883,19.266000
884,13.377000
885,20.781000
886,15.376000
887,12.165000
888,20.510000
889,8.606000
890,18.313000
891,16.232000
892,20.310000
893,13.755000
894,19.928000
895,12.633000
896,18.551000
897,14.489000
898,14.290000
899,14.989000
900,14.903000
901,17.207000
902,11.611000
903,16.335000
904,13.244000
905,23.830000
906,14.739000
907,17.047000
908,12.361000
909,19.131000
910,18.565000
911,16.077000
912,10.799000
913,16.974000
914,15.152000
915,13.592000
916,13.056000
917,18.137000
918,19.393000
919,8.767000
920,18.964000
921,14.759000
922,12.119000
923,11.860000
924,15.181000
925,21.166000
926,19.631000
927,15.314000
928,20.814000
929,14.269000
930,10.685000
931,19.660000
932,17.572000
933,14.791000
934,18.934000
935,15.366000
936,19.161000
937,12.122000
938,14.447000
939,13.059000
940,17.720000
941,14.579000
942,14.485000
943,15.808000
944,21.725000
945,19.492000
946,14.376000
947,12.146000
948,12.826000
949,13.950000
950,13.594000
951,18.114000
952,16.640000
953,17.026000
954,12.215000
955,15.588000
956,15.564000
957,15.962000
958,13.691000
959,17.499000
960,16.692000
961,14.391000
962,13.732000
963,12.030000
964,12.276000
965,18.460000
966,11.455000
967,17.403000
968,19.290000
969,13.775000
970,15.706000
971,11.892000
972,17.755000
973,14.534000
974,18.994000
975,13.302000
976,13.552000
977,17.178000
978,16.324000
979,12.502000
980,9.632000
981,13.175000
982,12.281000
983,14.123000
984,11.183000
985,19.299000
986,14.037000
987,14.962000
988,12.751000
989,26.353000
990,15.959000
991,12.426000
992,17.839000
993,16.930000
994,24.236000
995,8.118000
996,13.210000
997,18.983000
998,10.156000
999,13.844000
